dataset,system_group,seed,split,classical,original_llm,excluded_llm,uniform_selection,static_rank,shortlist_hindsight_loss
MySQL,mysql_family,11,development,0.041956991010192124,0.020269030638733098,0.046398980573913,0.07133597124579995,0.0,0.0
MySQL,mysql_family,23,development,0.07373923875276449,0.10110725530022198,0.11617419417239075,0.019272331715974644,0.05342748624984875,0.019272331715974644
MySQL,mysql_family,37,development,0.04378535667985623,0.04378535667985623,0.041956991010192124,0.04378535667985623,0.04378535667985623,0.04378535667985623
MySQL,mysql_family,53,development,0.012520325414825029,0.019272331715974644,0.019272331715974644,0.012520325414825029,0.012520325414825029,0.012520325414825029
MySQL,mysql_family,71,development,0.05129659773483039,0.05129659773483039,0.03870969560780201,0.05129659773483039,0.05129659773483039,0.05129659773483039
lrzip,lrzip,11,development,0.000976862872085081,0.0020772993484874836,0.002003335585319455,0.0008875651580163648,0.000976862872085081,0.0008875651580163648
lrzip,lrzip,23,development,0.0004951964143810819,0.0018369171181913883,0.0018369171181913883,0.0004951964143810819,0.0004951964143810819,0.0004951964143810819
lrzip,lrzip,37,development,0.0030537112220166644,0.006391551534251986,0.0030537112220166644,0.0012091271283749324,0.0030537112220166644,0.0
lrzip,lrzip,53,development,0.001782346292927169,0.0019451567716080181,0.0029332946075906687,0.0019451567716080181,0.001782346292927169,0.001782346292927169
lrzip,lrzip,71,development,0.0006512419147233874,0.0006512419147233874,0.0006512419147233874,0.0006512419147233874,0.0006512419147233874,0.0006512419147233874
brotli,brotli,11,development,0.0011204538856831455,0.00015278916622952002,0.0012274063020438096,0.0012274063020438096,0.0011204538856831455,0.0011204538856831455
brotli,brotli,23,development,0.001441311134765137,0.0003870658877814507,0.0003870658877814507,0.00042780966544265543,0.0003310431934972933,0.0003310431934972933
brotli,brotli,37,development,0.0002801134714207867,0.0002801134714207867,0.0002801134714207867,0.0002801134714207867,0.0002801134714207867,0.0002801134714207867
brotli,brotli,53,development,0.00017316105506012268,0.00017316105506012268,0.00017316105506012268,0.00017316105506012268,0.00017316105506012268,0.00017316105506012268
brotli,brotli,71,development,0.00043290263765030613,0.000168068082852472,0.00043290263765030613,0.00042780966544265543,0.000168068082852472,0.000168068082852472
